#;pH;Temprature;Taste;Odor;Fat ;Turbidity;Colour;Grade
1;6.6;35;1;0;1;0;254;high
2;6.6;36;0;1;0;1;253;high
3;8.5;70;1;1;1;1;246;low
4;9.5;34;1;1;0;1;255;low
5;6.6;37;0;0;0;0;255;medium
6;6.6;37;1;1;1;1;255;high
7;5.5;45;1;0;1;1;250;low
8;4.5;60;0;1;1;1;250;low
9;8.1;66;1;0;1;1;255;low
10;6.7;45;1;1;0;0;247;medium
11;6.7;45;1;1;1;0;245;medium
12;5.6;50;0;1;1;1;255;low
13;8.6;55;0;1;1;1;255;low
14;7.4;90;1;0;1;1;255;low
15;6.8;45;0;1;1;1;255;high
16;6.5;38;1;0;0;0;255;medium
17;4.7;38;1;0;1;0;255;low
18;3;40;1;1;1;1;255;low
19;9;43;1;0;1;1;250;low
20;6.8;40;1;0;1;0;245;medium
21;6.6;45;0;1;1;1;250;high
22;6.5;36;0;0;1;0;255;medium
23;4.5;38;0;1;1;1;255;low
24;6.6;45;1;1;1;1;245;high
25;6.8;35;1;0;1;0;246;medium
26;6.5;36;0;1;1;0;253;high
27;8.5;70;0;0;0;0;246;low
28;6.6;34;0;0;0;1;240;medium
29;6.5;37;0;0;0;0;245;medium
30;6.6;37;1;0;1;0;255;high
31;6.4;45;0;1;0;0;240;medium
32;6.5;40;0;1;0;1;250;low
33;6.8;42;1;1;1;1;255;high
34;6.7;41;1;0;0;0;247;medium
35;6.7;50;1;1;1;0;245;low
36;6.8;45;0;1;1;1;255;high
37;8.6;55;0;1;0;0;255;low
38;7.4;65;0;0;0;0;255;low
39;6.8;41;0;0;0;0;255;medium
40;6.5;38;1;1;1;1;255;high
41;6.8;38;0;0;0;0;255;medium
42;3;40;1;0;0;0;255;low
43;9;43;1;1;1;1;248;low
44;6.8;40;1;1;1;1;255;high
45;6.6;45;0;0;0;1;250;medium
46;6.5;36;0;0;0;0;247;medium
47;6.6;38;0;0;0;0;255;medium
48;6.8;45;1;1;1;0;245;high
49;9.5;34;1;1;0;1;255;low
50;6.5;37;0;0;0;0;255;medium
51;6.6;37;1;1;1;1;255;high
52;5.5;45;1;0;1;1;250;low
53;4.5;60;0;1;1;1;250;low
54;8.1;66;1;0;1;1;255;low
55;6.7;45;1;1;0;0;247;medium
56;6.7;45;1;1;1;0;245;medium
57;5.6;50;0;1;1;1;255;low
58;8.6;55;0;1;1;1;255;low
59;7.4;90;1;0;1;1;255;low
60;6.8;45;0;0;1;0;255;medium
61;6.5;38;1;0;1;0;255;medium
62;6.7;38;1;0;1;0;255;high
63;3;40;1;1;1;1;255;low
64;9;43;1;0;1;1;250;low
65;8.6;55;0;1;1;1;255;low
66;6.8;45;0;0;0;1;255;medium
67;6.8;45;0;1;1;1;255;high
68;6.5;38;1;0;0;0;255;medium
69;4.7;38;1;0;1;0;255;low
70;3;40;1;1;1;1;255;low
71;9;43;1;0;1;1;250;low
72;6.8;40;1;0;1;0;245;medium
73;6.6;45;0;1;1;1;250;high
74;6.5;36;0;0;1;0;255;medium
75;4.5;38;0;1;1;1;255;low
76;6.8;45;1;1;1;1;245;high
77;6.5;35;1;0;1;0;246;medium
78;6.8;36;0;1;1;0;253;high
79;8.5;70;0;0;0;0;246;low
80;6.8;34;0;0;0;1;240;medium
81;6.5;37;0;0;0;0;245;medium
82;6.6;37;1;0;1;0;255;high
83;6.8;45;0;1;0;0;240;medium
84;7.4;65;0;0;0;0;255;low
85;6.8;41;0;0;1;0;255;medium
86;6.5;38;1;1;1;1;255;high
87;6.6;38;0;0;0;0;255;medium
88;3;40;1;0;0;0;255;low
89;9;43;1;1;1;1;248;low
90;6.8;40;1;1;1;1;255;high
91;6.6;50;0;0;0;1;250;low
92;6.5;36;0;0;0;0;247;medium
93;6.6;50;0;0;0;0;255;low
94;6.8;45;1;1;1;0;245;high
95;9.5;34;1;1;0;1;255;low
96;6.5;37;0;0;0;0;255;medium
97;9.5;34;1;1;0;1;255;low
98;6.5;37;0;0;0;0;255;medium
99;6.6;37;1;1;1;1;255;high
100;5.5;45;1;0;1;1;250;low
101;4.5;60;0;1;1;1;250;low
102;8.1;66;1;0;1;1;255;low
103;6.7;45;1;1;0;0;247;medium
104;6.7;45;1;1;1;0;245;medium
105;5.6;50;0;1;1;1;255;low
106;6.6;35;0;1;1;1;255;high
107;7.4;90;1;0;1;1;255;low
108;6.8;50;0;0;1;0;255;low
109;6.5;38;1;0;1;0;255;medium
110;6.7;38;1;0;1;0;255;high
111;3;40;1;1;1;1;255;low
112;6.6;43;1;0;1;1;250;high
113;8.6;55;0;1;1;1;255;low
114;6.8;45;0;0;0;1;255;medium
115;6.8;45;0;1;1;1;255;high
116;6.5;38;1;0;0;0;255;medium
117;6.6;38;1;0;1;0;255;high
118;3;40;1;1;1;1;255;low
119;9;43;1;0;1;1;250;low
120;6.8;40;1;0;1;0;245;medium
121;6.6;45;0;0;0;1;250;medium
122;6.5;36;0;0;1;0;255;medium
123;6.6;38;0;0;1;0;255;medium
124;6.8;45;1;1;1;1;245;high
125;6.5;55;1;0;1;0;246;low
126;6.8;36;0;1;1;0;253;high
127;8.5;70;0;0;0;0;246;low
128;6.8;40;1;0;1;0;245;medium
129;6.6;45;0;1;1;1;250;high
130;6.5;36;0;0;1;0;255;medium
131;4.5;38;0;1;1;1;255;low
132;6.8;45;1;1;1;1;245;high
133;6.5;35;1;0;1;0;246;medium
134;6.8;36;0;1;1;0;253;high
135;8.5;70;0;0;0;0;246;low
136;6.8;34;0;0;0;1;240;medium
137;6.5;37;0;0;0;0;245;medium
138;6.6;37;1;0;1;0;255;high
139;6.8;45;0;1;0;0;240;medium
140;7.4;65;0;0;0;0;255;low
141;6.8;41;0;0;1;0;255;medium
142;6.5;38;1;1;1;1;255;high
143;6.6;38;0;0;0;0;255;medium
144;3;40;1;0;0;0;255;low
145;9;43;1;1;1;1;248;low
146;6.8;40;1;1;1;1;255;high
147;6.6;50;0;0;0;1;250;low
148;6.5;36;0;0;0;0;247;medium
149;6.6;50;0;0;0;0;255;low
150;6.8;45;1;1;1;0;245;high
151;9.5;34;1;1;0;1;255;low
152;6.5;37;0;0;0;0;255;medium
153;9.5;34;1;1;0;1;255;low
154;6.5;37;0;0;0;0;255;medium
155;6.6;37;1;1;1;1;255;high
156;5.5;45;1;0;1;1;250;low
157;4.5;60;0;1;1;1;250;low
158;8.1;66;1;0;1;1;255;low
159;6.7;45;1;1;0;0;247;medium
160;6.7;45;1;1;1;0;245;medium
161;5.6;50;0;1;1;1;255;low
162;6.6;35;0;1;1;1;255;high
163;7.4;90;1;0;1;1;255;low
164;6.8;50;0;0;1;0;255;low
165;6.5;38;1;0;1;0;255;medium
166;6.7;41;1;0;0;0;247;medium
167;6.7;50;1;1;1;0;245;low
168;6.8;45;0;1;1;1;255;high
169;8.6;55;0;1;0;0;255;low
170;7.4;65;0;0;0;0;255;low
171;6.8;41;0;0;0;0;255;medium
172;6.5;38;1;1;1;1;255;high
173;6.8;38;0;0;0;0;255;medium
174;3;40;1;0;0;0;255;low
175;9;43;1;1;1;1;248;low
176;6.8;40;1;1;1;1;255;high
177;6.6;45;0;0;0;1;250;medium
178;6.5;36;0;0;0;0;247;medium
179;6.6;38;0;0;0;0;255;medium
180;6.8;45;1;1;1;0;245;high
181;9.5;34;1;1;0;1;255;low
182;6.5;37;0;0;0;0;255;medium
183;6.6;37;1;1;1;1;255;high
184;5.5;45;1;0;1;1;250;low
185;4.5;60;0;1;1;1;250;low
186;8.1;66;1;0;1;1;255;low
187;6.7;45;1;1;0;0;247;medium
188;6.7;45;1;1;1;0;245;medium
189;5.6;50;0;1;1;1;255;low
190;8.6;55;0;1;1;1;255;low
191;7.4;90;1;0;1;1;255;low
192;6.8;45;0;0;1;0;255;medium
193;6.5;38;1;0;1;0;255;medium
194;6.7;38;1;0;1;0;255;high
195;3;40;1;1;1;1;255;low
196;9;43;1;0;1;1;250;low
197;8.6;55;0;1;1;1;255;low
198;6.8;45;0;0;0;1;255;medium
199;6.8;45;0;1;1;1;255;high
200;6.5;38;1;0;0;0;255;medium
201;4.7;38;1;0;1;0;255;low
202;3;40;1;1;1;1;255;low
203;9;43;1;0;1;1;250;low
204;6.8;40;1;0;1;0;245;medium
205;6.5;37;0;0;0;0;255;medium
206;6.6;37;1;1;1;1;255;high
207;5.5;45;1;0;1;1;250;low
208;4.5;60;0;1;1;1;250;low
209;8.1;66;1;0;1;1;255;low
210;6.7;45;1;1;0;0;247;medium
211;6.7;45;1;1;1;0;245;medium
212;5.6;50;0;1;1;1;255;low
213;8.6;55;0;1;1;1;255;low
214;7.4;90;1;0;1;1;255;low
215;6.8;45;0;0;1;0;255;medium
216;6.5;38;1;0;1;0;255;medium
217;6.7;38;1;0;1;0;255;high
218;3;40;1;1;1;1;255;low
219;9;43;1;0;1;1;250;low
220;8.6;55;0;1;1;1;255;low
221;6.8;45;0;0;0;1;255;medium
222;6.8;45;0;1;1;1;255;high
223;6.5;38;1;0;0;0;255;medium
224;4.7;38;1;0;1;0;255;low
225;3;40;1;1;1;1;255;low
226;9;43;1;0;1;1;250;low
227;6.8;40;1;0;1;0;245;medium
228;6.6;45;0;1;1;1;250;high
229;6.5;36;0;0;1;0;255;medium
230;4.5;38;0;1;1;1;255;low
231;6.8;45;1;1;1;1;245;high
232;6.5;35;1;0;1;0;246;medium
233;6.8;36;0;1;1;0;253;high
234;8.5;70;0;0;0;0;246;low
235;6.8;34;0;0;0;1;240;medium
236;6.5;37;0;0;0;0;245;medium
237;6.6;37;1;0;1;0;255;high
238;6.8;45;0;1;0;0;240;medium
239;7.4;65;0;0;0;0;255;low
240;6.8;41;0;0;1;0;255;medium
241;6.5;38;1;1;1;1;255;high
242;6.6;38;0;0;0;0;255;medium
243;3;40;1;0;0;0;255;low
244;9;43;1;1;1;1;248;low
245;6.5;38;1;0;1;0;255;medium
246;6.7;38;1;0;1;0;255;high
247;3;40;1;1;1;1;255;low
248;6.6;43;1;0;1;1;250;high
249;8.6;55;0;1;1;1;255;low
250;6.8;45;0;0;0;1;255;medium
251;6.8;45;0;1;1;1;255;high
252;6.5;38;1;0;0;0;255;medium
253;6.6;38;1;0;1;0;255;high
254;3;40;1;1;1;1;255;low
255;9;43;1;0;1;1;250;low
256;6.8;40;1;0;1;0;245;medium
257;6.6;45;0;0;0;1;250;medium
258;6.5;36;0;0;1;0;255;medium
259;6.6;38;0;0;1;0;255;medium
260;6.8;45;1;1;1;1;245;high
261;6.5;55;1;0;1;0;246;low
262;6.8;36;0;1;1;0;253;high
263;8.5;70;0;0;0;0;246;low
264;6.8;40;1;0;1;0;245;medium
265;6.6;45;0;1;1;1;250;high
266;6.5;36;0;0;1;0;255;medium
267;4.5;38;0;1;1;1;255;low
268;6.8;45;1;1;1;1;245;high
269;6.5;35;1;0;1;0;246;medium
270;6.8;36;0;1;1;0;253;high
271;8.5;70;0;0;0;0;246;low
272;6.8;34;0;0;0;1;240;medium
273;9;43;1;1;1;1;248;low
274;6.8;40;1;1;1;1;255;high
275;6.6;50;0;0;0;1;250;low
276;6.5;36;0;0;0;0;247;medium
277;6.6;50;0;0;0;0;255;low
278;6.8;45;1;1;1;0;245;high
279;9.5;34;1;1;0;1;255;low
280;6.5;37;0;0;0;0;255;medium
281;9.5;34;1;1;0;1;255;low
282;6.5;37;0;0;0;0;255;medium
283;6.6;37;1;1;1;1;255;high
284;5.5;45;1;0;1;1;250;low
285;4.5;60;0;1;1;1;250;low
286;8.1;66;1;0;1;1;255;low
287;6.7;45;1;1;0;0;247;medium
288;6.7;45;1;1;1;0;245;medium
289;5.6;50;0;1;1;1;255;low
290;6.6;35;0;1;1;1;255;high
291;7.4;90;1;0;1;1;255;low
292;6.8;50;0;0;1;0;255;low
293;6.5;38;1;0;1;0;255;medium
294;6.7;41;1;0;0;0;247;medium
295;6.7;50;1;1;1;0;245;low
296;6.8;45;0;1;1;1;255;high
297;8.6;55;0;1;0;0;255;low
298;7.4;65;0;0;0;0;255;low
299;6.8;41;0;0;0;0;255;medium
300;6.5;38;1;1;1;1;255;high
301;6.8;38;0;0;0;0;255;medium
302;3;40;1;0;0;0;255;low
303;9;43;1;1;1;1;248;low
304;6.8;40;1;1;1;1;255;high
305;6.6;45;0;0;0;1;250;medium
306;6.5;36;0;0;0;0;247;medium
307;6.6;38;0;0;0;0;255;medium
308;6.8;45;1;1;1;0;245;high
309;9.5;34;1;1;0;1;255;low
310;6.5;37;0;0;0;0;255;medium
311;6.6;37;1;1;1;1;255;high
312;5.5;45;1;0;1;1;250;low
313;4.5;60;0;1;1;1;250;low
314;8.1;66;1;0;1;1;255;low
315;6.7;45;1;1;0;0;247;medium
316;6.7;45;1;1;1;0;245;medium
317;5.6;50;0;1;1;1;255;low
318;8.6;55;0;1;1;1;255;low
319;7.4;90;1;0;1;1;255;low
320;6.8;45;0;0;1;0;255;medium
321;6.5;38;1;0;1;0;255;medium
322;6.7;38;1;0;1;0;255;high
323;3;40;1;1;1;1;255;low
324;9;43;1;0;1;1;250;low
325;8.6;55;0;1;1;1;255;low
326;6.8;45;0;0;0;1;255;medium
327;6.8;45;0;1;1;1;255;high
328;6.5;38;1;0;0;0;255;medium
329;4.7;38;1;0;1;0;255;low
330;3;40;1;1;1;1;255;low
331;9;43;1;0;1;1;250;low
332;6.8;40;1;0;1;0;245;medium
333;6.5;37;0;0;0;0;255;medium
334;6.6;37;1;1;1;1;255;high
335;5.5;45;1;0;1;1;250;low
336;4.5;60;0;1;1;1;250;low
337;8.1;66;1;0;1;1;255;low
338;6.7;45;1;1;0;0;247;medium
339;6.7;45;1;1;1;0;245;medium
340;5.6;50;0;1;1;1;255;low
341;8.6;55;0;1;1;1;255;low
342;7.4;90;1;0;1;1;255;low
343;6.8;45;0;0;1;0;255;medium
344;6.5;38;1;0;1;0;255;medium
345;6.7;38;1;0;1;0;255;high
346;3;40;1;1;1;1;255;low
347;9;43;1;0;1;1;250;low
348;8.6;55;0;1;1;1;255;low
349;6.8;45;0;0;0;1;255;medium
350;6.8;45;0;1;1;1;255;high
351;6.5;38;1;0;0;0;255;medium
352;4.7;38;1;0;1;0;255;low
353;3;40;1;1;1;1;255;low
354;9;43;1;0;1;1;250;low
355;6.8;40;1;0;1;0;245;medium
356;6.6;45;0;1;1;1;250;high
357;6.5;36;0;0;1;0;255;medium
358;4.5;38;0;1;1;1;255;low
359;6.8;45;1;1;1;1;245;high
360;6.5;35;1;0;1;0;246;medium
361;6.8;36;0;1;1;0;253;high
362;8.5;70;0;0;0;0;246;low
363;6.8;34;0;0;0;1;240;medium
364;6.5;37;0;0;0;0;245;medium
365;6.6;37;1;0;1;0;255;high
366;6.8;45;0;1;0;0;240;medium
367;7.4;65;0;0;0;0;255;low
368;6.8;41;0;0;1;0;255;medium
369;6.5;38;1;1;1;1;255;high
370;6.6;38;0;0;0;0;255;medium
371;3;40;1;0;0;0;255;low
372;9;43;1;1;1;1;248;low
373;6.5;38;1;0;1;0;255;medium
374;6.7;38;1;0;1;0;255;high
375;3;40;1;1;1;1;255;low
376;6.6;43;1;0;1;1;250;high
377;8.6;55;0;1;1;1;255;low
378;6.8;45;0;0;0;1;255;medium
379;6.8;45;0;1;1;1;255;high
380;6.5;38;1;0;0;0;255;medium
381;6.6;38;1;0;1;0;255;high
382;3;40;1;1;1;1;255;low
383;9;43;1;0;1;1;250;low
384;6.8;40;1;0;1;0;245;medium
385;6.6;45;0;0;0;1;250;medium
386;6.5;36;0;0;1;0;255;medium
387;6.8;45;0;1;1;1;255;high
388;6.5;38;1;0;0;0;255;medium
389;4.7;38;1;0;1;0;255;low
390;3;40;1;1;1;1;255;low
391;9;43;1;0;1;1;250;low
392;6.8;40;1;0;1;0;245;medium
393;6.6;45;0;1;1;1;250;high
394;6.5;36;0;0;1;0;255;medium
395;4.5;38;0;1;1;1;255;low
396;6.8;45;1;1;1;1;245;high
397;6.5;35;1;0;1;0;246;medium
398;6.8;36;0;1;1;0;253;high
399;8.5;70;0;0;0;0;246;low
400;6.8;34;0;0;0;1;240;medium
401;6.5;37;0;0;0;0;245;medium
402;6.6;37;1;0;1;0;255;high
403;6.8;45;0;1;0;0;240;medium
404;7.4;65;0;0;0;0;255;low
405;6.8;41;0;0;1;0;255;medium
406;6.5;38;1;1;1;1;255;high
407;6.6;38;0;0;0;0;255;medium
408;3;40;1;0;0;0;255;low
409;9;43;1;1;1;1;248;low
410;6.8;40;1;1;1;1;255;high
411;6.6;50;0;0;0;1;250;low
412;6.5;36;0;0;0;0;247;medium
413;6.6;50;0;0;0;0;255;low
414;6.8;45;1;1;1;0;245;high
415;9.5;34;1;1;0;1;255;low
416;6.5;37;0;0;0;0;255;medium
417;9.5;34;1;1;0;1;255;low
418;6.5;37;0;0;0;0;255;medium
419;6.6;37;1;1;1;1;255;high
420;5.5;45;1;0;1;1;250;low
421;4.5;60;0;1;1;1;250;low
422;8.1;66;1;0;1;1;255;low
423;6.7;45;1;1;0;0;247;medium
424;6.7;45;1;1;1;0;245;medium
425;5.6;50;0;1;1;1;255;low
426;6.6;35;0;1;1;1;255;high
427;7.4;90;1;0;1;1;255;low
428;6.8;50;0;0;1;0;255;low
429;6.5;38;1;0;1;0;255;medium
430;6.7;38;1;0;1;0;255;high
431;3;40;1;1;1;1;255;low
432;6.6;43;1;0;1;1;250;high
433;8.6;55;0;1;1;1;255;low
434;6.8;45;0;0;0;1;255;medium
435;6.8;45;0;1;1;1;255;high
436;6.5;38;1;0;0;0;255;medium
437;6.6;38;1;0;1;0;255;high
438;3;40;1;1;1;1;255;low
439;9;43;1;0;1;1;250;low
440;6.8;40;1;0;1;0;245;medium
441;6.6;45;0;0;0;1;250;medium
442;6.5;36;0;0;1;0;255;medium
443;6.6;38;0;0;1;0;255;medium
444;6.8;45;1;1;1;1;245;high
445;6.5;55;1;0;1;0;246;low
446;6.8;36;0;1;1;0;253;high
447;8.5;70;0;0;0;0;246;low
448;6.8;40;1;0;1;0;245;medium
449;6.6;45;0;1;1;1;250;high
450;6.5;36;0;0;1;0;255;medium
451;4.5;38;0;1;1;1;255;low
452;6.8;45;1;1;1;1;245;high
453;6.5;35;1;0;1;0;246;medium
454;6.8;36;0;1;1;0;253;high
455;8.5;70;0;0;0;0;246;low
456;6.6;50;0;0;0;0;255;low
457;6.8;45;1;1;1;0;245;high
458;9.5;34;1;1;0;1;255;low
459;6.5;37;0;0;0;0;255;medium
460;9.5;34;1;1;0;1;255;low
461;6.5;37;0;0;0;0;255;medium
462;6.6;37;1;1;1;1;255;high
463;5.5;45;1;0;1;1;250;low
464;4.5;60;0;1;1;1;250;low
465;8.1;66;1;0;1;1;255;low
466;6.7;45;1;1;0;0;247;medium
467;6.7;45;1;1;1;0;245;medium
468;5.6;50;0;1;1;1;255;low
469;6.6;35;0;1;1;1;255;high
470;7.4;90;1;0;1;1;255;low
471;6.8;50;0;0;1;0;255;low
472;6.5;38;1;0;1;0;255;medium
473;6.7;38;1;0;1;0;255;high
474;3;40;1;1;1;1;255;low
475;6.6;43;1;0;1;1;250;high
476;8.6;55;0;1;1;1;255;low
477;6.8;45;0;0;0;1;255;medium
478;6.8;45;0;1;1;1;255;high
479;6.5;38;1;0;0;0;255;medium
480;6.6;38;1;0;1;0;255;high
481;3;40;1;1;1;1;255;low
482;9;43;1;0;1;1;250;low
483;6.8;40;1;0;1;0;245;medium
484;6.6;45;0;0;0;1;250;medium
485;6.5;36;0;0;1;0;255;medium
486;6.6;38;0;0;1;0;255;medium
487;6.8;45;1;1;1;1;245;high
488;6.5;55;1;0;1;0;246;low
489;6.8;36;0;1;1;0;253;high
490;8.5;70;0;0;0;0;246;low
491;6.8;40;1;0;1;0;245;medium
492;6.6;45;0;1;1;1;250;high
493;6.5;36;0;0;1;0;255;medium
494;4.5;38;0;1;1;1;255;low
495;6.8;45;1;1;1;1;245;high
496;6.5;35;1;0;1;0;246;medium
497;6.8;36;0;1;1;0;253;high
498;8.5;70;0;0;0;0;246;low
499;6.8;34;0;0;0;1;240;medium
500;6.5;37;0;0;0;0;245;medium
501;6.6;37;1;0;1;0;255;high
502;6.8;45;0;1;0;0;240;medium
503;7.4;65;0;0;0;0;255;low
504;6.8;41;0;0;1;0;255;medium
505;6.5;38;1;1;1;1;255;high
506;6.6;38;0;0;0;0;255;medium
507;3;40;1;0;0;0;255;low
508;9;43;1;1;1;1;248;low
509;6.8;40;1;1;1;1;255;high
510;6.6;50;0;0;0;1;250;low
511;6.5;36;0;0;0;0;247;medium
512;6.6;50;0;0;0;0;255;low
513;6.8;45;1;1;1;0;245;high
514;9.5;34;1;1;0;1;255;low
515;6.5;37;0;0;0;0;255;medium
516;9.5;34;1;1;0;1;255;low
517;6.5;37;0;0;0;0;255;medium
518;6.6;37;1;1;1;1;255;high
519;5.5;45;1;0;1;1;250;low
520;4.5;60;0;1;1;1;250;low
521;8.1;66;1;0;1;1;255;low
522;6.7;45;1;1;0;0;247;medium
523;6.7;45;1;1;1;0;245;medium
524;5.6;50;0;1;1;1;255;low
525;6.6;35;0;1;1;1;255;high
526;7.4;90;1;0;1;1;255;low
527;6.8;50;0;0;1;0;255;low
528;6.5;38;1;0;1;0;255;medium
529;6.7;41;1;0;0;0;247;medium
530;6.7;50;1;1;1;0;245;low
531;6.8;45;0;1;1;1;255;high
532;6.6;45;0;1;0;0;255;medium
533;7.4;65;0;0;0;0;255;low
534;6.8;41;0;0;0;0;255;medium
535;6.5;38;1;1;1;1;255;high
536;6.8;38;0;0;0;0;255;medium
537;3;40;1;0;0;0;255;low
538;9;43;1;1;1;1;248;low
539;6.8;40;1;1;1;1;255;high
540;6.6;50;0;0;0;1;250;low
541;6.5;36;0;0;0;0;247;medium
542;6.6;38;0;0;0;0;255;medium
543;6.8;45;1;1;1;0;245;high
544;9.5;34;1;1;0;1;255;low
545;6.5;37;0;0;0;0;255;medium
546;6.6;37;1;1;1;1;255;high
547;5.5;45;1;0;1;1;250;low
548;6.5;40;1;0;0;0;250;medium
549;8.1;66;1;0;1;1;255;low
550;6.7;45;1;1;0;0;247;medium
551;6.7;38;1;0;1;0;255;high
552;3;40;1;1;1;1;255;low
553;6.8;43;1;0;1;0;250;high
554;8.6;55;0;1;1;1;255;low
555;6.8;55;0;0;0;1;255;low
556;6.8;45;0;1;1;1;255;high
557;6.5;38;1;0;0;0;255;medium
558;4.7;38;1;0;1;0;255;low
559;3;40;1;1;1;1;255;low
560;9;43;1;0;1;1;250;low
561;6.8;40;1;0;1;0;245;medium
562;6.6;45;0;1;1;1;250;high
563;6.5;36;0;0;1;0;255;medium
564;4.5;38;0;1;1;1;255;low
565;6.8;45;1;1;1;1;245;high
566;6.5;50;1;0;1;0;246;low
567;6.8;36;0;1;1;0;253;high
568;8.5;70;0;0;0;0;246;low
569;6.8;34;0;0;0;1;240;medium
570;6.5;37;0;0;0;0;245;medium
571;6.6;37;1;0;1;0;255;high
572;6.8;45;0;1;0;0;240;medium
573;7.4;65;0;0;0;0;255;low
574;6.8;41;0;0;1;0;255;medium
575;6.5;38;1;1;1;1;255;high
576;6.6;38;0;0;0;0;255;medium
577;6.6;40;1;0;1;1;255;high
578;9;43;1;1;1;1;248;low
579;6.5;38;1;0;1;0;255;medium
580;6.7;38;1;0;1;0;255;high
581;3;40;1;1;1;1;255;low
582;6.6;43;1;0;1;1;250;high
583;6.8;41;0;0;1;0;255;medium
584;6.5;38;1;1;1;1;255;high
585;6.6;38;0;0;0;0;255;medium
586;3;40;1;0;0;0;255;low
587;9;43;1;1;1;1;248;low
588;6.8;40;1;1;1;1;255;high
589;6.6;50;0;0;0;1;250;low
590;6.5;36;0;0;0;0;247;medium
591;6.6;50;0;0;0;0;255;low
592;6.8;45;1;1;1;0;245;high
593;9.5;34;1;1;0;1;255;low
594;6.5;37;0;0;0;0;255;medium
595;9.5;34;1;1;0;1;255;low
596;6.5;37;0;0;0;0;255;medium
597;6.6;37;1;1;1;1;255;high
598;5.5;45;1;0;1;1;250;low
599;4.5;60;0;1;1;1;250;low
600;8.1;66;1;0;1;1;255;low
601;6.7;45;1;1;0;0;247;medium
602;6.7;45;1;1;1;0;245;medium
603;5.6;50;0;1;1;1;255;low
604;6.6;35;0;1;1;1;255;high
605;7.4;90;1;0;1;1;255;low
606;6.8;50;0;0;1;0;255;low
607;6.5;38;1;0;1;0;255;medium
608;6.7;41;1;0;0;0;247;medium
609;6.7;50;1;1;1;0;245;low
610;6.8;45;0;1;1;1;255;high
611;6.6;45;0;1;0;0;255;medium
612;7.4;65;0;0;0;0;255;low
613;6.8;41;0;0;0;0;255;medium
614;6.5;38;1;1;1;1;255;high
615;6.8;38;0;0;0;0;255;medium
616;3;40;1;0;0;0;255;low
617;9;43;1;1;1;1;248;low
618;6.8;40;1;1;1;1;255;high
619;6.6;50;0;0;0;1;250;low
620;6.5;36;0;0;0;0;247;medium
621;6.6;38;0;0;0;0;255;medium
622;6.8;45;1;1;1;0;245;high
623;9.5;34;1;1;0;1;255;low
624;6.5;37;0;0;0;0;255;medium
625;6.6;37;1;1;1;1;255;high
626;5.5;45;1;0;1;1;250;low
627;6.5;40;1;0;0;0;250;medium
628;8.1;66;1;0;1;1;255;low
629;6.7;45;1;1;0;0;247;medium
630;6.7;38;1;0;1;0;255;high
631;3;40;1;1;1;1;255;low
632;6.8;43;1;0;1;0;250;high
633;8.6;55;0;1;1;1;255;low
634;6.8;55;0;0;0;1;255;low
635;6.8;45;0;1;1;1;255;high
636;6.5;38;1;0;0;0;255;medium
637;4.7;38;1;0;1;0;255;low
638;3;40;1;1;1;1;255;low
639;9;43;1;0;1;1;250;low
640;6.8;40;1;0;1;0;245;medium
641;6.6;45;0;1;1;1;250;high
642;6.5;36;0;0;1;0;255;medium
643;4.5;38;0;1;1;1;255;low
644;6.8;45;1;1;1;1;245;high
645;6.5;50;1;0;1;0;246;low
646;6.8;36;0;1;1;0;253;high
647;8.5;70;0;0;0;0;246;low
648;6.8;34;0;0;0;1;240;medium
649;6.5;37;0;0;0;0;245;medium
650;6.6;37;1;0;1;0;255;high
651;6.8;45;0;1;0;0;240;medium
652;7.4;65;0;0;0;0;255;low
653;6.8;41;0;0;1;0;255;medium
654;6.5;38;1;1;1;1;255;high
655;6.6;38;0;0;0;0;255;medium
656;6.7;38;1;0;1;0;255;high
657;3;40;1;1;1;1;255;low
658;9;43;1;0;1;1;250;low
659;8.6;55;0;1;1;1;255;low
660;6.8;45;0;0;0;1;255;medium
661;6.8;45;0;1;1;1;255;high
662;6.5;38;1;0;0;0;255;medium
663;4.7;38;1;0;1;0;255;low
664;3;40;1;1;1;1;255;low
665;9;43;1;0;1;1;250;low
666;6.8;40;1;0;1;0;245;medium
667;6.5;37;0;0;0;0;255;medium
668;6.6;37;1;1;1;1;255;high
669;5.5;45;1;0;1;1;250;low
670;4.5;60;0;1;1;1;250;low
671;8.1;66;1;0;1;1;255;low
672;6.7;45;1;1;0;0;247;medium
673;6.7;45;1;1;1;0;245;medium
674;5.6;50;0;1;1;1;255;low
675;8.6;55;0;1;1;1;255;low
676;7.4;90;1;0;1;1;255;low
677;6.8;45;0;0;1;0;255;medium
678;6.5;38;1;0;1;0;255;medium
679;6.7;38;1;0;1;0;255;high
680;3;40;1;1;1;1;255;low
681;9;43;1;0;1;1;250;low
682;8.6;55;0;1;1;1;255;low
683;6.8;45;0;0;0;1;255;medium
684;6.8;45;0;1;1;1;255;high
685;6.5;38;1;0;0;0;255;medium
686;4.7;38;1;0;1;0;255;low
687;3;40;1;1;1;1;255;low
688;9;43;1;0;1;1;250;low
689;6.8;40;1;0;1;0;245;medium
690;6.6;45;0;1;1;1;250;high
691;6.5;36;0;0;1;0;255;medium
692;4.5;38;0;1;1;1;255;low
693;6.8;45;1;1;1;1;245;high
694;6.5;35;1;0;1;0;246;medium
695;6.8;36;0;1;1;0;253;high
696;8.5;70;0;0;0;0;246;low
697;6.8;34;0;0;0;1;240;medium
698;6.5;37;0;0;0;0;245;medium
699;6.6;37;1;0;1;0;255;high
700;6.8;45;0;1;0;0;240;medium
701;7.4;65;0;0;0;0;255;low
702;6.8;41;0;0;1;0;255;medium
703;6.5;38;1;1;1;1;255;high
704;6.6;38;0;0;0;0;255;medium
705;3;40;1;0;0;0;255;low
706;9;43;1;1;1;1;248;low
707;6.5;38;1;0;1;0;255;medium
708;6.7;38;1;0;1;0;255;high
709;3;40;1;1;1;1;255;low
710;6.6;43;1;0;1;1;250;high
711;8.6;55;0;1;1;1;255;low
712;6.8;45;0;0;0;1;255;medium
713;6.8;45;0;1;1;1;255;high
714;6.5;38;1;0;0;0;255;medium
715;6.6;38;1;0;1;0;255;high
716;3;40;1;1;1;1;255;low
717;9;43;1;0;1;1;250;low
718;6.8;40;1;0;1;0;245;medium
719;6.6;45;0;0;0;1;250;medium
720;6.5;36;0;0;1;0;255;medium
721;6.8;45;0;1;1;1;255;high
722;6.5;38;1;0;0;0;255;medium
723;4.7;38;1;0;1;0;255;low
724;3;40;1;1;1;1;255;low
725;9;43;1;0;1;1;250;low
726;6.8;40;1;0;1;0;245;medium
727;6.6;45;0;1;1;1;250;high
728;6.5;36;0;0;1;0;255;medium
729;4.5;38;0;1;1;1;255;low
730;6.8;45;1;1;1;1;245;high
731;5.5;45;1;0;1;1;250;low
732;4.5;60;0;1;1;1;250;low
733;8.1;66;1;0;1;1;255;low
734;6.7;45;1;1;0;0;247;medium
735;6.7;45;1;1;1;0;245;medium
736;5.6;50;0;1;1;1;255;low
737;6.6;35;0;1;1;1;255;high
738;7.4;90;1;0;1;1;255;low
739;6.8;50;0;0;1;0;255;low
740;6.5;38;1;0;1;0;255;medium
741;6.7;41;1;0;0;0;247;medium
742;6.7;50;1;1;1;0;245;low
743;6.8;45;0;1;1;1;255;high
744;8.6;55;0;1;0;0;255;low
745;7.4;65;0;0;0;0;255;low
746;6.8;41;0;0;0;0;255;medium
747;6.5;38;1;1;1;1;255;high
748;6.8;38;0;0;0;0;255;medium
749;3;40;1;0;0;0;255;low
750;9;43;1;1;1;1;248;low
751;6.8;40;1;1;1;1;255;high
752;6.6;45;0;0;0;1;250;medium
753;6.5;36;0;0;0;0;247;medium
754;6.6;38;0;0;0;0;255;medium
755;6.8;45;1;1;1;0;245;high
756;9.5;34;1;1;0;1;255;low
757;6.5;37;0;0;0;0;255;medium
758;6.6;37;1;1;1;1;255;high
759;5.5;45;1;0;1;1;250;low
760;4.5;60;0;1;1;1;250;low
761;8.1;66;1;0;1;1;255;low
762;6.7;45;1;1;0;0;247;medium
763;6.7;45;1;1;1;0;245;medium
764;5.6;50;0;1;1;1;255;low
765;8.6;55;0;1;1;1;255;low
766;7.4;90;1;0;1;1;255;low
767;6.8;45;0;0;1;0;255;medium
768;6.5;38;1;0;1;0;255;medium
769;6.7;38;1;0;1;0;255;high
770;3;40;1;1;1;1;255;low
771;9;43;1;0;1;1;250;low
772;8.6;55;0;1;1;1;255;low
773;6.8;45;0;0;0;1;255;medium
774;6.8;45;0;1;1;1;255;high
775;6.5;38;1;0;0;0;255;medium
776;4.7;38;1;0;1;0;255;low
777;3;40;1;1;1;1;255;low
778;9;43;1;0;1;1;250;low
779;6.8;40;1;0;1;0;245;medium
780;6.5;37;0;0;0;0;255;medium
781;6.6;37;1;1;1;1;255;high
782;5.5;45;1;0;1;1;250;low
783;4.5;60;0;1;1;1;250;low
784;8.1;66;1;0;1;1;255;low
785;6.7;45;1;1;0;0;247;medium
786;6.7;45;1;1;1;0;245;medium
787;5.6;50;0;1;1;1;255;low
788;8.6;55;0;1;1;1;255;low
789;7.4;90;1;0;1;1;255;low
790;6.8;45;0;0;1;0;255;medium
791;6.5;38;1;0;1;0;255;medium
792;6.7;38;1;0;1;0;255;high
793;3;40;1;1;1;1;255;low
794;9;43;1;0;1;1;250;low
795;8.6;55;0;1;1;1;255;low
796;6.8;45;0;0;0;1;255;medium
797;6.8;45;0;1;1;1;255;high
798;6.5;38;1;0;0;0;255;medium
799;4.7;38;1;0;1;0;255;low
800;3;40;1;1;1;1;255;low
801;9;43;1;0;1;1;250;low
802;6.8;40;1;0;1;0;245;medium
803;6.6;45;0;1;1;1;250;high
804;6.5;36;0;0;1;0;255;medium
805;4.5;38;0;1;1;1;255;low
806;6.8;45;1;1;1;1;245;high
807;6.5;35;1;0;1;0;246;medium
808;6.8;36;0;1;1;0;253;high
809;8.5;70;0;0;0;0;246;low
810;6.8;34;0;0;0;1;240;medium
811;6.5;37;0;0;0;0;245;medium
812;6.6;37;1;0;1;0;255;high
813;6.8;45;0;1;0;0;240;medium
814;7.4;65;0;0;0;0;255;low
815;6.8;41;0;0;1;0;255;medium
816;6.5;38;1;1;1;1;255;high
817;6.6;38;0;0;0;0;255;medium
818;3;40;1;0;0;0;255;low
819;9;43;1;1;1;1;248;low
820;6.5;38;1;0;1;0;255;medium
821;6.7;38;1;0;1;0;255;high
822;6.6;40;0;0;0;0;255;medium
823;6.6;43;1;0;1;1;250;high
824;8.6;55;0;1;1;1;255;low
825;6.8;45;0;0;0;1;255;medium
826;6.8;45;0;1;1;1;255;high
827;6.5;38;1;0;0;0;255;medium
828;6.6;38;1;0;1;0;255;high
829;3;40;1;1;1;1;255;low
830;9;43;1;0;1;1;250;low
831;6.8;40;1;0;1;0;245;medium
832;6.6;45;0;1;1;1;250;high
833;6.5;36;0;0;1;0;255;medium
834;6.8;45;0;1;1;1;255;high
835;6.5;38;1;0;0;0;255;medium
836;4.7;38;1;0;1;0;255;low
837;3;40;1;1;1;1;255;low
838;9;43;1;0;1;1;250;low
839;6.8;40;1;0;1;0;245;medium
840;6.6;45;0;1;1;1;250;high
841;6.5;36;0;0;1;0;255;medium
842;4.5;38;0;1;1;1;255;low
843;6.8;45;1;1;1;1;245;high
844;6.5;35;1;0;1;0;246;medium
845;6.8;36;0;1;1;0;253;high
846;8.5;70;0;0;0;0;246;low
847;6.8;34;0;0;0;1;240;medium
848;6.5;37;0;1;1;1;245;low
849;6.6;37;1;0;1;0;255;high
850;6.8;45;0;1;0;0;240;medium
851;7.4;65;0;0;0;0;255;low
852;6.8;41;0;0;1;0;255;medium
853;6.5;38;1;1;1;1;255;high
854;6.6;38;0;0;0;0;255;medium
855;3;40;1;0;0;0;255;low
856;9;43;1;1;1;1;248;low
857;6.8;40;1;1;1;1;255;high
858;6.6;50;0;0;0;1;250;low
859;6.5;36;0;0;0;0;247;medium
860;6.6;50;0;0;0;0;255;low
861;6.8;45;1;1;1;0;245;high
862;6.6;40;1;0;0;0;255;medium
863;9;43;1;1;1;1;248;low
864;6.8;40;1;1;1;1;255;high
865;6.6;50;0;0;0;1;250;low
866;6.5;36;0;0;0;0;247;medium
867;6.6;38;0;0;0;0;255;medium
868;6.8;45;1;1;1;0;245;high
869;9.5;34;1;1;0;1;255;low
870;6.5;37;0;0;0;0;255;medium
871;6.6;37;1;1;1;1;255;high
872;5.5;45;1;0;1;1;250;low
873;6.5;40;1;0;0;0;250;medium
874;8.1;66;1;0;1;1;255;low
875;6.7;45;1;1;0;0;247;medium
876;6.7;38;1;0;1;0;255;high
877;3;40;1;1;1;1;255;low
878;6.8;43;1;0;1;0;250;high
879;8.6;55;0;1;1;1;255;low
880;6.8;55;0;0;0;1;255;low
881;6.8;45;0;1;1;1;255;high
882;6.5;38;1;0;0;0;255;medium
883;4.7;38;1;0;1;0;255;low
884;6.6;40;1;1;1;1;255;high
885;9;43;1;0;1;1;250;low
886;6.8;40;1;0;1;0;245;medium
887;6.6;45;0;1;1;1;250;high
888;6.5;36;0;0;1;0;255;medium
889;4.5;38;0;1;1;1;255;low
890;6.8;45;1;1;1;1;245;high
891;6.5;50;1;0;1;0;246;low
892;6.6;37;1;0;1;0;255;high
893;6.8;45;0;1;0;0;240;medium
894;7.4;65;0;0;0;0;255;low
895;6.8;41;0;0;1;0;255;medium
896;6.5;38;1;1;1;1;255;high
897;6.6;38;0;0;0;0;255;medium
898;6.7;38;1;0;1;0;255;high
899;3;40;1;1;1;1;255;low
900;6.6;43;0;0;1;0;250;medium
901;8.6;55;0;1;1;1;255;low
902;6.8;45;0;0;0;1;255;medium
903;6.8;45;0;1;1;1;255;high
904;6.5;38;1;0;0;0;255;medium
905;4.7;38;1;0;1;0;255;low
906;3;40;1;1;1;1;255;low
907;9;43;1;0;1;1;250;low
908;6.8;40;1;0;1;0;245;medium
909;6.5;37;0;0;0;0;255;medium
910;6.6;37;1;1;1;1;255;high
911;5.5;45;1;0;1;1;250;low
912;6.5;40;0;0;1;0;250;medium
913;8.1;66;1;0;1;1;255;low
914;6.7;45;1;1;0;0;247;medium
915;6.7;45;1;1;1;0;245;medium
916;5.6;50;0;1;1;1;255;low
917;8.6;55;0;1;1;1;255;low
918;6.7;41;1;0;0;0;247;medium
919;6.7;50;1;1;1;0;245;low
920;6.8;45;0;1;1;1;255;high
921;8.6;55;0;1;0;0;255;low
922;7.4;65;0;0;0;0;255;low
923;6.8;41;0;0;0;0;255;medium
924;6.5;38;1;1;1;1;255;high
925;6.8;38;0;0;0;0;255;medium
926;3;40;1;0;0;0;255;low
927;9;43;1;1;1;1;248;low
928;6.8;40;1;1;1;1;255;high
929;6.6;45;0;0;0;1;250;medium
930;6.5;36;0;0;0;0;247;medium
931;6.6;38;0;1;1;1;255;high
932;6.8;45;1;1;1;0;245;high
933;9.5;34;1;1;0;1;255;low
934;6.5;37;0;0;0;0;255;medium
935;6.6;37;1;1;1;1;255;high
936;5.5;45;1;0;1;1;250;low
937;4.5;60;0;1;1;1;250;low
938;8.1;66;1;0;1;1;255;low
939;6.7;45;1;1;0;0;247;medium
940;6.7;45;1;1;1;0;245;medium
941;5.6;50;0;1;1;1;255;low
942;8.6;55;0;1;1;1;255;low
943;6.6;45;1;0;0;1;255;medium
944;9;43;1;0;1;1;250;low
945;6.8;40;1;0;1;0;245;medium
946;6.6;45;0;1;1;1;250;high
947;6.5;36;0;0;1;0;255;medium
948;4.5;38;0;1;1;1;255;low
949;6.8;45;1;1;1;1;245;high
950;6.5;35;1;0;1;0;246;medium
951;6.8;36;0;1;1;0;253;high
952;8.5;70;0;0;0;0;246;low
953;6.8;34;0;0;0;1;240;medium
954;6.5;37;0;0;0;0;245;medium
955;6.6;37;1;0;1;0;255;high
956;6.8;45;0;1;0;0;240;medium
957;7.4;65;0;0;0;0;255;low
958;6.8;41;1;1;1;0;255;high
959;6.5;38;1;1;1;1;255;high
960;6.6;38;0;0;0;0;255;medium
961;3;40;1;0;0;0;255;low
962;9;43;1;1;1;1;248;low
963;6.5;38;1;0;1;0;255;medium
964;6.7;38;1;0;1;0;255;high
965;3;40;1;1;1;1;255;low
966;6.6;43;1;0;1;1;250;high
967;8.6;55;0;1;1;1;255;low
968;6.5;40;1;0;0;0;250;medium
969;8.1;66;1;0;1;1;255;low
970;6.7;45;1;1;0;0;247;medium
971;6.7;38;1;0;1;0;255;high
972;3;40;1;1;1;1;255;low
973;6.8;43;1;0;1;0;250;high
974;8.6;55;0;1;1;1;255;low
975;6.8;55;0;0;0;1;255;low
976;6.8;45;0;1;1;1;255;high
977;6.5;38;1;0;0;0;255;medium
978;4.7;38;1;0;1;0;255;low
979;3;40;1;1;1;1;255;low
980;9;43;1;0;1;1;250;low
981;6.8;40;1;0;1;0;245;medium
982;6.6;45;0;1;1;1;250;high
983;6.5;36;0;0;1;0;255;medium
984;4.5;38;0;1;1;1;255;low
985;6.8;45;1;1;1;1;245;high
986;6.5;45;1;0;0;0;246;medium
987;6.8;36;0;1;1;0;253;high
988;8.5;70;0;0;0;0;246;low
989;6.8;34;0;0;0;1;240;medium
990;6.5;37;0;0;0;0;245;medium
991;6.6;37;1;0;1;0;255;high
992;6.8;45;0;1;0;0;240;medium
993;7.4;65;0;0;0;0;255;low
994;6.8;41;0;0;1;0;255;medium
995;6.5;38;1;1;1;1;255;high
996;6.6;38;0;0;0;0;255;medium
997;6.7;38;1;0;1;0;255;high
998;3;40;1;1;1;1;255;low
999;6.6;43;0;0;0;1;250;medium
1000;8.6;55;0;1;1;1;255;low
1001;6.8;45;0;0;0;1;255;medium
1002;6.8;45;0;1;1;1;255;high
1003;6.5;38;1;0;0;0;255;medium
1004;4.7;38;1;0;1;0;255;low
1005;3;40;1;1;1;1;255;low
1006;9;43;1;0;1;1;250;low
1007;6.8;40;1;0;1;0;245;medium
1008;6.5;37;0;0;0;0;255;medium
1009;3;40;1;1;1;1;255;low
1010;9;43;1;0;1;1;250;low
1011;6.8;40;1;0;1;0;245;medium
1012;6.6;45;0;1;1;1;250;high
1013;6.5;36;0;0;1;0;255;medium
1014;6.8;45;0;1;1;1;255;high
1015;6.5;38;1;0;0;0;255;medium
1016;4.7;38;1;0;1;0;255;low
1017;3;40;1;1;1;1;255;low
1018;9;43;1;0;1;1;250;low
1019;6.8;40;1;0;1;0;245;medium
1020;6.6;45;0;1;1;1;250;high
1021;6.5;36;0;0;1;0;255;medium
1022;4.5;38;0;1;1;1;255;low
1023;6.8;45;1;1;1;1;245;high
1024;6.5;35;1;0;1;0;246;medium
1025;6.8;36;0;1;1;0;253;high
1026;8.5;70;0;0;0;0;246;low
1027;6.8;34;0;0;0;1;240;medium
1028;6.5;37;0;1;1;1;245;low
1029;6.6;37;1;0;1;0;255;high
1030;6.8;45;0;1;0;0;240;medium
1031;7.4;65;0;0;0;0;255;low
1032;6.8;41;0;0;1;0;255;medium
1033;6.5;38;1;1;1;1;255;high
1034;6.6;38;0;0;0;0;255;medium
1035;3;40;1;0;0;0;255;low
1036;9;43;1;1;1;1;248;low
1037;6.8;40;1;1;1;1;255;high
1038;6.6;50;0;0;0;1;250;low
1039;6.5;36;0;0;0;0;247;medium
1040;6.6;50;0;0;0;0;255;low
1041;6.8;45;1;1;1;0;245;high
1042;6.6;40;1;0;0;0;255;medium
1043;9;43;1;1;1;1;248;low
1044;6.8;40;1;1;1;1;255;high
1045;6.6;50;0;0;0;1;250;low
1046;6.5;36;0;0;0;0;247;medium
1047;6.6;38;0;0;0;0;255;medium
1048;6.8;45;1;1;1;0;245;high
1049;9.5;34;1;1;0;1;255;low
1050;6.5;37;0;0;0;0;255;medium
1051;6.6;37;1;1;1;1;255;high
1052;5.5;45;1;0;1;1;250;low
1053;6.5;40;1;0;0;0;250;medium
1054;8.1;66;1;0;1;1;255;low
1055;6.7;45;1;1;0;0;247;medium
1056;6.7;38;1;0;1;0;255;high
1057;3;40;1;1;1;1;255;low
1058;6.8;43;1;0;1;0;250;high
1059;8.6;55;0;1;1;1;255;low
